<?xml version='1.0' encoding='UTF-8'?>
<assembly xmlns="http://maven.apache.org/ASSEMBLY/2.0.0"
		  xmlns:xsi="http://www.w3.org/2001/XMLSchema-instance"
		  xsi:schemaLocation="http://maven.apache.org/ASSEMBLY/2.0.0 http://maven.apache.org/xsd/assembly-2.0.0.xsd">
	<id>bin</id>
	<formats>
		<format>tar.gz</format>
	</formats>
	<includeBaseDirectory>false</includeBaseDirectory>
	<fileSets>
		<fileSet>
			<directory>src/main/resources</directory>
			<outputDirectory>config/</outputDirectory>
		</fileSet>
	</fileSets>
	<dependencySets>
		<dependencySet>
			<useProjectArtifact>true</useProjectArtifact>
			<outputDirectory>lib</outputDirectory>
			<!-- 将scope为runtime的依赖包打包到lib目录下。 -->
			<scope>runtime</scope>
		</dependencySet>
	</dependencySets>
</assembly>